{
    "name": "SR5e_cn",
    "title": "Shadowrunn5E中文游戏系统",
    "description": "为FVTT中的Shadowrun5e系统添加中文。",
    "version": "0.1.3",
    "minimumCoreVersion" : "0.6.0",
    "author": "Pangbai",
        
    "scripts": [],
    "styles": [],
    "packs": [],
    
    "languages": [
      {
        "lang": "cn",
        "name": "中文",
        "path": "cn.json"
      }
    ],
    
    "url": "https://gitlab.com/pangbai8/foundry-vtt-shadowrun-cn",
	"manifest": "https://gitlab.com/pangbai8/foundry-vtt-shadowrun-cn/raw/master/sr5e_cn/module.json",
	"download": "https://gitlab.com/pangbai8/foundry-vtt-shadowrun-cn/raw/master/sr5e_cn.zip"
  }
  
