{
  "action": "动作",
  "adept_power": "修士异能",
  "armor": "装甲",
  "complex_form": "复合程式",
  "cyberware": "赛博改造",
  "device": "设备",
  "equipment": "装备",
  "quality": "特质",
  "spell": "法术",
  "weapon": "武器",
  "sin": "SIN",
  "lifestyle": "生活方式",
  "contact": "人脉",
  "modification": "强化",
  "ammo": "弹药",
  "active": "主动",
  "passive": "被动",

  "SR5.ActiveSkills": "主动技能",
  "SR5.Specializations": "专精",
  "SR5.Specialization": "专精",
  "SR5.Rtg": "等级",
  "SR5.Qty": "数量",
  "SR5.Add": "添加",
  "SR5.Languages": "语言",
  "SR5.Actions": "动作",
  "SR5.Action": "动作",
  "SR5.Skills": "技能",
  "SR5.Skill": "技能",
  "SR5.Attribute": "属性",
  "SR5.Limit": "界限",
  "SR5.Modifier": "调整值",
  "SR5.Wounds": "伤势",

  "SR5.Movement": "移动",
  "SR5.Overflow": "溢出",
  "SR5.Nuyen": "新円",
  "SR5.Equipped": "已装备",

  "SR5.Gear": "装备",
  "SR5.Matrix": "矩阵",
  "SR5.Biography": "档案",
  "SR5.Lifestyle": "生活方式",
  "SR5.Miscellaneous": "杂项",
  "SR5.Magic": "魔法",
  "SR5.Social": "社交",

  "SR5.RollComposure": "沉着",
  "SR5.RollJudgeIntentions": "察言观色",
  "SR5.RollLiftCarry": "举重&负重",
  "SR5.RollMemory": "记忆",
  "SR5.RollDefense": "防御",
  "SR5.RollSoak": "伤害抵抗",
  "SR5.RollDrain": "耗竭",
  "SR5.RollFade": "衰褪",
  "SR5.RollArmor": "护甲 ",
  "SR5.RollCustom": "自定义",

  "SR5.WeaponReload": "装弹",
  "SR5.HotSim": "热模",
  "SR5.RunningSilent": "静默运行",
  "SR5.ConditionMonitor": "C.M.",
  "SR5.ComplexForms": "复合程式",
  "SR5.Target": "目标",
  "SR5.Fade": "衰褪",

  "SR5.Duration": "持续",
  "SR5.Powers": "异能",
  "SR5.PowerType": "类型",
  "SR5.Spells": "法术",
  "SR5.SpellType": "类型",
  "SR5.SpellRange": "距离",
  "SR5.Drain": "耗竭",
  "SR5.DrainResist": "耗竭抵抗",

  "SR5.Metatype": "泛形态",
  "SR5.Quality": "特质",

  "SR5.ImportCharacter": "导入角色",
  "SR5.Karma": "业力",
  "SR5.CareerKarma": "生涯业力",
  "SR5.Notoriety": "恶名",
  "SR5.PublicAwareness": "名气",
  "SR5.StreetCred": "信誉",
  "SR5.AwakenedEmerged": "觉醒/显现",

  "SR5.Value": "值",
  "SR5.BaseValue": "基础值",

  "SR5.Rating": "评级",
  "SR5.Cost": "售价",
  "SR5.Availability": "可获得性",
  "SR5.Conceal": "隐蔽性",

  "SR5.License": "证件",
  "SR5.Licenses": "证件",
  "SR5.Information": "信息",

  "SR5.Contacts": "人脉",
  "SR5.ContactType": "类型",
  "SR5.Connection": "关系",
  "SR5.Loyalty": "忠诚",

  "SR5.LifestyleType": "类型",
  "SR5.LifestyleComforts": "舒适度",
  "SR5.LifestyleSecurity": "安全",
  "SR5.LifestyleNeighborhood": "街区",
  "SR5.LifestyleGuests": "客居",
  "SR5.LifestyleStreet": "街头",
  "SR5.LifestyleSquatter": "寄居",
  "SR5.LifestyleLow": "低端",
  "SR5.LifestyleMiddle": "中端",
  "SR5.LifestyleHigh": "高端",
  "SR5.LifestyleLuxory": "豪华",
  "SR5.LifestyleOther": "其他",
  "SR5.Lifestyles": "生活方式",

  "SR5.Description": "描述",
  "SR5.Source": "来源",
  "SR5.ItemName": "物品名称",
  "SR5.ActionType": "类型",
  "SR5.DicePoolModifier": "DP调整值",
  "SR5.DamageType": "类型",
  "SR5.DamageValue": "伤害值",
  "SR5.Element": "元素",
  "SR5.AP": "AP",
  "SR5.OpposedType": "种类",
  "SR5.Extended": "延续",

  "SR5.Weapon": "武器",
  "SR5.Ammo": "弹药",
  "SR5.WeaponMods": "强化",
  "SR5.WeaponType": "类型",
  "SR5.WeaponAmmoCount": "弹药数",
  "SR5.WeaponModes": "开火模式",
  "SR5.WeaponModeSingleShot": "SS",
  "SR5.WeaponModeSemiAuto": "SA",
  "SR5.WeaponModeBurstFire": "BF",
  "SR5.WeaponModeFullAuto": "FA",
  "SR5.WeaponRanges": "射程",
  "SR5.WeaponReach": "触及",
  "SR5.Radius": "半径",
  "SR5.Dropoff": "放下",
  "SR5.WeaponMod": "强化",
  "SR5.DP": "DP",
  "SR5.Accuracy": "精度",
  "SR5.RecoilCompensation": "RC",
  "SR5.Equip": "装备",
  "SR5.Damage": "伤害",

  "SR5.Spell": "法术",
  "SR5.SpellCategory": "类别",
  "SR5.Active": "主动",
  "SR5.Passive": "被动",
  "SR5.DrainValue": "耗竭值",
  "SR5.DetectionSpellExtended": "大范围",
  "SR5.SpellManipulationDamaging": "伤害",
  "SR5.SpellManipulationMental": "精神",
  "SR5.SpellManipulationEnvironmental": "环境",
  "SR5.SpellManipulationPhysical": "物理",

  "SR5.PowerPoints": "PP",
  "SR5.PowerLevel": "等级",
  "SR5.ToggleEquip": "切换装备",

  "SR5.Armor": "护甲",
  "SR5.ArmorValue": "护甲值",
  "SR5.Accessory": "护甲配件",

  "SR5.DeviceType": "类型",

  "SR5.EssenceCost": "精华",

  "SR5.QualityType": "类型",

  "SR5.ComplexForm": "复合程式",
  "SR5.MatrixTarget": "矩阵目标",
  "SR5.FadeValue": "衰褪之",

  "SR5.AttrBody": "体质",
  "SR5.AttrAgility": "敏捷",
  "SR5.AttrReaction": "反应",
  "SR5.AttrStrength": "力量",
  "SR5.AttrWillpower": "意志",
  "SR5.AttrLogic": "逻辑",
  "SR5.AttrIntuition": "直觉",
  "SR5.AttrCharisma": "魅力",
  "SR5.AttrMagic": "魔法",
  "SR5.AttrResonance": "共鸣",
  "SR5.AttrEdge": "极限",
  "SR5.AttrEssence": "精华",
  "SR5.MatrixAttrAttack": "攻击性",
  "SR5.MatrixAttrSleaze": "隐匿性",
  "SR5.MatrixAttrDataProc": "数据处理",
  "SR5.MatrixAttrFirewall": "防火墙",
  "SR5.LimitPhysical": "物理",
  "SR5.LimitSocial": "社交",
  "SR5.LimitMental": "精神",
  "SR5.Mundane": "凡俗",
  "SR5.Awakened": "觉醒",
  "SR5.Emerged": "显现",
  "SR5.DmgTypePhysical": "物理",
  "SR5.DmgTypeStun": "眩晕",
  "SR5.DmgTypeMatrix": "矩阵",
  "SR5.ElementFire": "火焰",
  "SR5.ElementCold": "寒冷",
  "SR5.ElementAcid": "酸性",
  "SR5.ElementElectricity": "电击",
  "SR5.ElementRadiation": "辐射",
  "SR5.SpellCatCombat": "战斗",
  "SR5.SpellCatDetection": "侦测",
  "SR5.SpellCatHealth": "生命",
  "SR5.SpellCatIllusion": "幻象",
  "SR5.SpellCatManipulation": "操纵",
  "SR5.SpellTypePhysical": "物理",
  "SR5.SpellTypeMana": "法力",
  "SR5.SpellRangeTouch": "T",
  "SR5.SpellRangeLos": "LOS",
  "SR5.SpellRangeLosA": "LOS (A)",
  "SR5.SpellCombatDirect": "直接",
  "SR5.SpellCombatIndirect": "间接",
  "SR5.SpellDetectionDirectional": "方向",
  "SR5.SpellDetectionPsychic": "心灵",
  "SR5.SpellDetectionArea": "范围",
  "SR5.SpellIllusionObvious": "显而易见",
  "SR5.SpellIllusionRealistic": "真实",
  "SR5.SpellIllusionSingleSense": "单感官",
  "SR5.SpellIllusionMultiSense": "多感官",
  "SR5.TargetPersona": "化身",
  "SR5.TargetDevice": "设备",
  "SR5.TargetFile": "文件",
  "SR5.TargetSelf": "自己",
  "SR5.TargetSprite": "精魂",
  "SR5.TargetOther": "其他",
  "SR5.DurationInstant": "即时",
  "SR5.DurationSustained": "维持",
  "SR5.DurationPermanent": "永久",
  "SR5.WeaponCatRange": "远程",
  "SR5.WeaponCatMelee": "近战",
  "SR5.WeaponCatThrown": "投掷",
  "SR5.QualityTypePositive": "正面",
  "SR5.QualityTypeNegative": "负面",
  "SR5.DeviceCatCommlink": "通讯链",
  "SR5.DeviceCatCyberdeck": "碟版",
  "SR5.KnowledgeSkillStreet": "街头",
  "SR5.KnowledgeSkillAcademic": "学术",
  "SR5.KnowledgeSkillProfessional": "专业",
  "SR5.KnowledgeSkillInterests": "兴趣",
  "SR5.SkillArchery": "箭术",
  "SR5.SkillAutomatics": "自动枪械",
  "SR5.SkillBlades": "利刃",
  "SR5.SkillClubs": "棍棒",
  "SR5.SkillExoticMelee": "异种近战武器",
  "SR5.SkillExoticRange": "异种远程武器",
  "SR5.SkillHeavyWeapons": "重武器",
  "SR5.SkillLongarms": "长管枪械",
  "SR5.SkillPistols": "手枪",
  "SR5.SkillThrowingWeapons": "投掷武器",
  "SR5.SkillUnarmedCombat": "徒手格斗",
  "SR5.SkillDisguise": "伪装",
  "SR5.SkillDiving": "潜水",
  "SR5.SkillEscapeArtist": "脱逃",
  "SR5.SkillFreeFall": "自由落体",
  "SR5.SkillGymnastics": "体操",
  "SR5.SkillPalming": "手上功夫",
  "SR5.SkillPerception": "侦察",
  "SR5.SkillRunning": "奔跑",
  "SR5.SkillSneaking": "潜行",
  "SR5.SkillSurvival": "生存",
  "SR5.SkillSwimming": "游泳",
  "SR5.SkillTracking": "追踪",
  "SR5.SkillCon": "唬骗",
  "SR5.SkillEtiquette": "礼仪",
  "SR5.SkillImpersonation": "模仿",
  "SR5.SkillInstruction": "教导",
  "SR5.SkillIntimidation": "威吓",
  "SR5.SkillLeadership": "领导力",
  "SR5.SkillNegotiation": "交涉",
  "SR5.SkillPerformance": "表演",
  "SR5.SkillAlchemy": "炼金",
  "SR5.SkillArcana": "奥秘学",
  "SR5.SkillArtificing": "炼成",
  "SR5.SkillAssensing": "灵视",
  "SR5.SkillAstralCombat": "星界战斗",
  "SR5.SkillBanishing": "驱逐",
  "SR5.SkillBinding": "束缚",
  "SR5.SkillCounterspelling": "反制法术",
  "SR5.SkillDisenchanting": "消除附魔",
  "SR5.SkillRitualSpellcasting": "仪式施法",
  "SR5.SkillSpellcasting": "施法",
  "SR5.SkillSummoning": "召唤",
  "SR5.SkillCompiling": "编制",
  "SR5.SkillDecompiling": "注销",
  "SR5.SkillRegistering": "注册",
  "SR5.SkillAeronauticsMechanic": "航空机械",
  "SR5.SkillAutomotiveMechanic": "汽车机械",
  "SR5.SkillIndustrialMechanic": "工业机械",
  "SR5.SkillNauticalMechanic": "航海机械",
  "SR5.SkillAnimalHandling": "驯养动物",
  "SR5.SkillArmorer": "军械技术",
  "SR5.SkillArtisan": "手艺",
  "SR5.SkillBiotechnology": "生物工艺学",
  "SR5.SkillChemistry": "化学 ",
  "SR5.SkillComputer": "计算机",
  "SR5.SkillCybercombat": "矩阵战斗",
  "SR5.SkillCybertechnology": "赛博工艺学",
  "SR5.SkillDemolitions": "爆破",
  "SR5.SkillElectronicWarfare": "电子战",
  "SR5.SkillFirstAid": "急救",
  "SR5.SkillForgery": "伪造",
  "SR5.SkillHacking": "骇入",
  "SR5.SkillHardware": "硬件",
  "SR5.SkillLocksmith": "锁匠",
  "SR5.SkillMedicine": "医学",
  "SR5.SkillNavigation": "导航",
  "SR5.SkillSoftware": "软件",
  "SR5.SkillGunnery": "炮术",
  "SR5.SkillPilotAerospace": "航天驾驶",
  "SR5.SkillPilotAircraft": "空中驾驶",
  "SR5.SkillPilotWalker": "步行驾驶",
  "SR5.SkillPilotGroundCraft": "陆用驾驶",
  "SR5.SkillPilotWaterCraft": "水上驾驶",
  "SR5.SkillPilotExoticVehicle": "异种载具驾驶",
  "SR5.ActionTypeNone": "无",
  "SR5.ActionTypeFree": "自由",
  "SR5.ActionTypeSimple": "简单",
  "SR5.ActionTypeComplex": "复杂",
  "SR5.ActionTypeVaries": "可变",
  "SR5.InitCatMeatspace": "肉界",
  "SR5.InitCatAstral": "星界",
  "SR5.InitCatMatrix": "矩阵",

  "SR5.CyberwareGrade": "品级",
  "SR5.CyberwareGradeStandard": "标准",
  "SR5.CyberwareGradeAlpha": "阿尔法",
  "SR5.CyberwareGradeBeta": "贝塔",
  "SR5.CyberwareGradeDelta": "德尔塔",
  "SR5.CyberwareGradeUsed": "二手货",

  "SR5.Capacity": "容量",
  "SR5.Base": "基础",
  "SR5.Bonus": "加值",
  "SR5.DicePool": "骰池",
  "SR5.SituationalModifier": "状况调整",
  "SR5.ItemMod": "物品Mod",
  "SR5.Suppressing": "压制中",
  "SR5.BulletCount": "子弹数",
  "SR5.Recoil": "后座力",
  "SR5.FireMode": "开火模式",
  "SR5.Cover": "掩体",
  "SR5.FullDefense": "全防御",
  "SR5.Global": "总体",

  "SR5.Internal": "内部",
  "SR5.Barrel": "枪管",
  "SR5.Stock": "枪托",
  "SR5.Top": "顶部",
  "SR5.Side": "侧面",
  "SR5.SpareClips": "零件",
  "SR5.Reach": "触及",

  "SR5.MountPoint": "挂载点",
  "SR5.BlastRadius": "爆炸半径",
  "SR5.Modification": "强化",
  "SR5.AmmoFull": "Ammo Full",

  "SR5.RollOneDie": "你可不能投掷小于1个骰子, 亲",

  "SR5.OverwatchScoreTrackerTitle": "约翰逊先生的婴儿监控器",
  "SR5.PlusFifteenMinutes": "+15min",
  "SR5.Character": "角色",
  "SR5.AddOneToOverwatch": "OS值+1",
  "SR5.AddFiveToOverwatch": "OS指+5",
  "SR5.AddFifteenMinutesToOverwatch": "因为在矩阵中呆了15分钟，掷2d6",
  "SR5.ResetOverwatchScore": "重设监视指数",

  "SR5.WeaponModeSingleShotShort": "SS",
  "SR5.WeaponModeSemiAutoShort": "SA",
  "SR5.WeaponModeBurstFireShort": "BF",
  "SR5.WeaponModeFullAutoShort": "FA",

  "SR5.Total": "总计",
  "SR5.PlaceTemplate": "放置模板",
  "SR5.Defaulting": "未受训使用",
  "SR5.NotExtended": "非大范围",

  "SR5.NormalSpellButton": "普通施法",
  "SR5.RecklessSpellButton": "鲁莽施法",

  "SETTINGS.DiagonalMovementName": "对角线移动",
  "SETTINGS.DiagonalMovementDescription": "当使用正方形格子时，如何处理对角线移动？",
  "SETTINGS.IgnoreDiagonal": "无视对角线移动(1-1-1)",
  "SETTINGS.EstimateDiagonal": "测量对角线移动(1-2-1)",

  "SETTINGS.ApplyLimitsName": "掷骰时应用界限",
  "SETTINGS.ApplyLimitsDescription": "界限是否应该应用在掷骰中？"
}
